Built,n,Proportion
3.4.0,51,0.23394495412844038
3.4.1,11,0.05045871559633028
3.4.2,25,0.11467889908256881
3.4.3,23,0.10550458715596331
3.4.4,108,0.4954128440366973
